File Index,Similarity
1,88.23529411764706
2,88.23529411764706
3,88.23529411764706
4,76.47058823529412
5,76.47058823529412
6,76.47058823529412
7,76.47058823529412
8,76.47058823529412
9,76.47058823529412
10,76.47058823529412
11,76.47058823529412
12,76.47058823529412
13,76.47058823529412
14,88.23529411764706
15,82.35294117647058
16,82.35294117647058
17,82.35294117647058
18,82.35294117647058
19,82.35294117647058
20,82.35294117647058
21,76.47058823529412
22,76.47058823529412
23,82.35294117647058
24,82.35294117647058
25,88.23529411764706
26,82.35294117647058
27,82.35294117647058
28,88.23529411764706
29,82.35294117647058
30,82.35294117647058
31,82.35294117647058
32,88.23529411764706
33,88.23529411764706
34,88.23529411764706
35,88.23529411764706
36,88.23529411764706
37,88.23529411764706
38,88.23529411764706
39,88.23529411764706
40,82.35294117647058
41,82.35294117647058
42,82.35294117647058
43,82.35294117647058
44,82.35294117647058
45,82.35294117647058
46,82.35294117647058
47,88.23529411764706
48,82.35294117647058
49,82.35294117647058
50,82.35294117647058
51,82.35294117647058
52,82.35294117647058
53,82.35294117647058
54,82.35294117647058
55,82.35294117647058
56,82.35294117647058
57,88.23529411764706
58,88.23529411764706
59,88.23529411764706
60,88.23529411764706
61,88.23529411764706
62,88.23529411764706
63,88.23529411764706
64,88.23529411764706
65,88.23529411764706
66,88.23529411764706
67,88.23529411764706
68,88.23529411764706
69,88.23529411764706
70,88.23529411764706
71,88.23529411764706
72,88.23529411764706
73,88.23529411764706
74,88.23529411764706
75,88.23529411764706
76,88.23529411764706
77,88.23529411764706
78,88.23529411764706
79,88.23529411764706
80,88.23529411764706
81,88.23529411764706
82,88.23529411764706
83,88.23529411764706
84,88.23529411764706
85,88.23529411764706
86,88.23529411764706
87,88.23529411764706
88,88.23529411764706
89,88.23529411764706
90,88.23529411764706
91,88.23529411764706
92,88.23529411764706
93,88.23529411764706
94,88.23529411764706
95,88.23529411764706
96,88.23529411764706
97,88.23529411764706
98,88.23529411764706
99,88.23529411764706
100,88.23529411764706
101,88.23529411764706
102,88.23529411764706
103,88.23529411764706
104,88.23529411764706
105,88.23529411764706
106,88.23529411764706
107,88.23529411764706
108,88.23529411764706
109,88.23529411764706
110,88.23529411764706
111,88.23529411764706
112,88.23529411764706
113,88.23529411764706
114,88.23529411764706
115,88.23529411764706
116,88.23529411764706
117,88.23529411764706
118,88.23529411764706
119,88.23529411764706
120,88.23529411764706
121,88.23529411764706
122,88.23529411764706
123,88.23529411764706
124,88.23529411764706
125,88.23529411764706
126,88.23529411764706
127,88.23529411764706
128,88.23529411764706
129,88.23529411764706
130,88.23529411764706
131,88.23529411764706
132,88.23529411764706
133,88.23529411764706
134,88.23529411764706
135,88.23529411764706
136,88.23529411764706
137,88.23529411764706
138,88.23529411764706
139,88.23529411764706
140,88.23529411764706
141,88.23529411764706
142,88.23529411764706
143,88.23529411764706
144,88.23529411764706
145,88.23529411764706
146,88.23529411764706
147,88.23529411764706
148,88.23529411764706
149,88.23529411764706
150,88.23529411764706
151,88.23529411764706
152,88.23529411764706
153,88.23529411764706
154,88.23529411764706
155,88.23529411764706
156,88.23529411764706
157,88.23529411764706
158,88.23529411764706
159,88.23529411764706
160,88.23529411764706
161,88.23529411764706
162,88.23529411764706
163,88.23529411764706
164,88.23529411764706
165,88.23529411764706
166,88.23529411764706
167,88.23529411764706
168,88.23529411764706
169,88.23529411764706
170,88.23529411764706
171,88.23529411764706
172,88.23529411764706
173,88.23529411764706
174,88.23529411764706
175,88.23529411764706
176,88.23529411764706
177,88.23529411764706
178,88.23529411764706
179,88.23529411764706
180,88.23529411764706
181,88.23529411764706
182,88.23529411764706
183,88.23529411764706
184,88.23529411764706
185,88.23529411764706
186,88.23529411764706
187,88.23529411764706
188,88.23529411764706
189,88.23529411764706
190,88.23529411764706
191,88.23529411764706
192,88.23529411764706
193,88.23529411764706
194,88.23529411764706
195,88.23529411764706
196,88.23529411764706
197,88.23529411764706
198,88.23529411764706
199,88.23529411764706
200,88.23529411764706
201,88.23529411764706
202,88.23529411764706
203,88.23529411764706
204,88.23529411764706
205,88.23529411764706
206,88.23529411764706
207,88.23529411764706
208,88.23529411764706
209,88.23529411764706
210,88.23529411764706
211,88.23529411764706
212,88.23529411764706
213,88.23529411764706
214,88.23529411764706
215,88.23529411764706
216,88.23529411764706
217,88.23529411764706
218,88.23529411764706
219,88.23529411764706
220,88.23529411764706
221,88.23529411764706
222,88.23529411764706
223,88.23529411764706
224,88.23529411764706
225,88.23529411764706
226,88.23529411764706
227,88.23529411764706
228,88.23529411764706
229,88.23529411764706
230,88.23529411764706
231,88.23529411764706
232,88.23529411764706
233,88.23529411764706
234,88.23529411764706
235,88.23529411764706
236,88.23529411764706
237,88.23529411764706
238,88.23529411764706
239,88.23529411764706
240,88.23529411764706
241,88.23529411764706
242,82.35294117647058
243,76.47058823529412
244,76.47058823529412
245,76.47058823529412
246,76.47058823529412
247,88.23529411764706
248,70.58823529411765
249,64.70588235294117
250,64.70588235294117
251,64.70588235294117
252,64.70588235294117
253,64.70588235294117
254,58.82352941176471
255,58.82352941176471
256,58.82352941176471
257,52.94117647058824
258,88.23529411764706
259,52.94117647058824
260,52.94117647058824
261,47.05882352941176
262,41.17647058823529
263,41.17647058823529
264,41.17647058823529
265,41.17647058823529
266,41.17647058823529
267,41.17647058823529
268,41.17647058823529
269,88.23529411764706
270,41.17647058823529
271,41.17647058823529
272,41.17647058823529
273,41.17647058823529
274,41.17647058823529
275,35.294117647058826
276,35.294117647058826
277,35.294117647058826
278,35.294117647058826
279,35.294117647058826
280,88.23529411764706
281,35.294117647058826
282,35.294117647058826
283,35.294117647058826
284,35.294117647058826
285,35.294117647058826
286,35.294117647058826
287,35.294117647058826
288,35.294117647058826
289,35.294117647058826
290,35.294117647058826
291,88.23529411764706
292,35.294117647058826
293,35.294117647058826
294,35.294117647058826
295,35.294117647058826
296,35.294117647058826
297,35.294117647058826
298,35.294117647058826
299,35.294117647058826
300,35.294117647058826
301,35.294117647058826
302,88.23529411764706
303,35.294117647058826
304,35.294117647058826
305,35.294117647058826
306,35.294117647058826
307,35.294117647058826
308,41.17647058823529
309,41.17647058823529
310,41.17647058823529
311,47.05882352941176
312,47.05882352941176
313,88.23529411764706
314,70.58823529411765
315,76.47058823529412
316,82.35294117647058
317,82.35294117647058
318,88.23529411764706
319,94.11764705882352
320,88.23529411764706
321,94.11764705882352
322,88.23529411764706
323,88.23529411764706
324,88.23529411764706
325,88.23529411764706
326,88.23529411764706
327,88.23529411764706
328,88.23529411764706
329,88.23529411764706
330,88.23529411764706
331,88.23529411764706
332,88.23529411764706
333,88.23529411764706
334,88.23529411764706
335,88.23529411764706
336,88.23529411764706
337,88.23529411764706
338,88.23529411764706
339,88.23529411764706
340,88.23529411764706
341,88.23529411764706
342,88.23529411764706
343,88.23529411764706
344,88.23529411764706
345,88.23529411764706
346,88.23529411764706
347,88.23529411764706
348,88.23529411764706
349,88.23529411764706
350,88.23529411764706
351,88.23529411764706
352,88.23529411764706
353,88.23529411764706
354,88.23529411764706
355,88.23529411764706
356,88.23529411764706
357,88.23529411764706
358,88.23529411764706
359,88.23529411764706
360,88.23529411764706
361,88.23529411764706
362,88.23529411764706
363,88.23529411764706
364,88.23529411764706
365,88.23529411764706
366,88.23529411764706
367,88.23529411764706
368,94.11764705882352
369,88.23529411764706
370,94.11764705882352
371,94.11764705882352
372,94.11764705882352
373,94.11764705882352
374,94.11764705882352
375,94.11764705882352
376,94.11764705882352
377,94.11764705882352
378,94.11764705882352
379,94.11764705882352
380,88.23529411764706
381,94.11764705882352
382,94.11764705882352
383,94.11764705882352
384,94.11764705882352
385,100.0
386,100.0
387,94.11764705882352
388,94.11764705882352
389,94.11764705882352
390,94.11764705882352
391,88.23529411764706
392,94.11764705882352
393,94.11764705882352
394,94.11764705882352
395,94.11764705882352
396,94.11764705882352
397,94.11764705882352
398,94.11764705882352
399,94.11764705882352
400,94.11764705882352
401,94.11764705882352
402,88.23529411764706
403,94.11764705882352
404,94.11764705882352
405,94.11764705882352
406,94.11764705882352
407,94.11764705882352
408,94.11764705882352
409,94.11764705882352
410,94.11764705882352
411,94.11764705882352
412,94.11764705882352
413,88.23529411764706
414,94.11764705882352
415,94.11764705882352
416,94.11764705882352
417,94.11764705882352
418,94.11764705882352
419,94.11764705882352
420,94.11764705882352
421,94.11764705882352
422,94.11764705882352
423,94.11764705882352
424,88.23529411764706
425,94.11764705882352
426,94.11764705882352
427,94.11764705882352
428,94.11764705882352
429,94.11764705882352
430,94.11764705882352
431,94.11764705882352
432,94.11764705882352
433,94.11764705882352
434,94.11764705882352
435,88.23529411764706
436,94.11764705882352
437,94.11764705882352
438,94.11764705882352
439,94.11764705882352
440,94.11764705882352
441,94.11764705882352
442,94.11764705882352
443,94.11764705882352
444,94.11764705882352
445,94.11764705882352
446,88.23529411764706
447,88.23529411764706
448,94.11764705882352
449,94.11764705882352
450,94.11764705882352
451,94.11764705882352
452,94.11764705882352
453,94.11764705882352
454,94.11764705882352
455,94.11764705882352
456,94.11764705882352
457,94.11764705882352
458,88.23529411764706
459,94.11764705882352
460,94.11764705882352
461,94.11764705882352
462,94.11764705882352
463,100.0
464,100.0
465,100.0
466,100.0
467,100.0
468,100.0
469,88.23529411764706
470,100.0
471,100.0
472,100.0
473,100.0
474,100.0
475,100.0
476,100.0
477,100.0
478,82.35294117647058
479,82.35294117647058
480,88.23529411764706
481,76.47058823529412
482,76.47058823529412
483,76.47058823529412
484,70.58823529411765
485,70.58823529411765
486,70.58823529411765
487,70.58823529411765
488,70.58823529411765
489,70.58823529411765
490,70.58823529411765
491,88.23529411764706
492,70.58823529411765
493,70.58823529411765
494,64.70588235294117
495,64.70588235294117
496,64.70588235294117
497,64.70588235294117
498,64.70588235294117
499,64.70588235294117
500,64.70588235294117
501,58.82352941176471
502,88.23529411764706
503,52.94117647058824
504,52.94117647058824
505,47.05882352941176
506,47.05882352941176
507,47.05882352941176
508,47.05882352941176
509,41.17647058823529
510,41.17647058823529
511,41.17647058823529
512,41.17647058823529
513,88.23529411764706
514,41.17647058823529
515,41.17647058823529
516,41.17647058823529
517,41.17647058823529
518,41.17647058823529
519,41.17647058823529
520,41.17647058823529
521,41.17647058823529
522,41.17647058823529
523,41.17647058823529
524,88.23529411764706
525,41.17647058823529
526,41.17647058823529
527,41.17647058823529
528,41.17647058823529
529,41.17647058823529
530,41.17647058823529
531,41.17647058823529
532,41.17647058823529
533,41.17647058823529
534,41.17647058823529
535,88.23529411764706
536,41.17647058823529
537,41.17647058823529
538,41.17647058823529
539,41.17647058823529
540,41.17647058823529
541,41.17647058823529
542,41.17647058823529
543,41.17647058823529
544,41.17647058823529
545,41.17647058823529
546,88.23529411764706
547,41.17647058823529
548,35.294117647058826
549,35.294117647058826
550,35.294117647058826
551,35.294117647058826
552,35.294117647058826
553,29.411764705882355
554,29.411764705882355
555,29.411764705882355
556,29.411764705882355
557,88.23529411764706
558,88.23529411764706
559,29.411764705882355
560,29.411764705882355
561,29.411764705882355
562,29.411764705882355
563,35.294117647058826
564,35.294117647058826
565,35.294117647058826
566,35.294117647058826
567,35.294117647058826
568,35.294117647058826
569,88.23529411764706
570,35.294117647058826
571,35.294117647058826
572,35.294117647058826
573,35.294117647058826
574,35.294117647058826
575,35.294117647058826
576,35.294117647058826
577,35.294117647058826
578,35.294117647058826
579,35.294117647058826
580,88.23529411764706
581,35.294117647058826
582,35.294117647058826
583,35.294117647058826
584,35.294117647058826
585,35.294117647058826
586,41.17647058823529
587,41.17647058823529
588,41.17647058823529
589,41.17647058823529
590,41.17647058823529
591,88.23529411764706
592,41.17647058823529
593,35.294117647058826
594,35.294117647058826
595,35.294117647058826
596,35.294117647058826
597,35.294117647058826
598,35.294117647058826
599,35.294117647058826
600,35.294117647058826
601,35.294117647058826
602,88.23529411764706
603,35.294117647058826
604,41.17647058823529
605,35.294117647058826
606,35.294117647058826
607,35.294117647058826
608,35.294117647058826
609,35.294117647058826
610,35.294117647058826
611,35.294117647058826
612,35.294117647058826
613,88.23529411764706
614,35.294117647058826
615,35.294117647058826
616,35.294117647058826
617,35.294117647058826
618,35.294117647058826
619,35.294117647058826
620,35.294117647058826
621,35.294117647058826
622,35.294117647058826
623,35.294117647058826
624,88.23529411764706
625,35.294117647058826
626,35.294117647058826
627,35.294117647058826
628,35.294117647058826
629,35.294117647058826
630,35.294117647058826
631,35.294117647058826
632,41.17647058823529
633,52.94117647058824
634,88.23529411764706
635,94.11764705882352
636,88.23529411764706
637,94.11764705882352
638,94.11764705882352
639,94.11764705882352
640,94.11764705882352
641,94.11764705882352
642,94.11764705882352
643,94.11764705882352
644,100.0
645,100.0
646,94.11764705882352
647,100.0
648,100.0
649,100.0
650,88.23529411764706
651,88.23529411764706
652,82.35294117647058
653,82.35294117647058
654,82.35294117647058
655,82.35294117647058
656,82.35294117647058
657,94.11764705882352
658,82.35294117647058
659,82.35294117647058
660,82.35294117647058
661,82.35294117647058
662,82.35294117647058
663,82.35294117647058
664,82.35294117647058
665,82.35294117647058
666,82.35294117647058
667,82.35294117647058
668,88.23529411764706
669,94.11764705882352
670,82.35294117647058
671,82.35294117647058
672,82.35294117647058
673,82.35294117647058
674,82.35294117647058
675,82.35294117647058
676,82.35294117647058
677,82.35294117647058
678,82.35294117647058
679,82.35294117647058
680,94.11764705882352
681,82.35294117647058
682,82.35294117647058
683,82.35294117647058
684,82.35294117647058
685,82.35294117647058
686,82.35294117647058
687,82.35294117647058
688,82.35294117647058
689,82.35294117647058
690,82.35294117647058
691,94.11764705882352
692,82.35294117647058
693,82.35294117647058
694,82.35294117647058
695,82.35294117647058
696,82.35294117647058
697,82.35294117647058
698,82.35294117647058
699,82.35294117647058
700,82.35294117647058
701,82.35294117647058
702,94.11764705882352
703,82.35294117647058
704,82.35294117647058
705,82.35294117647058
706,82.35294117647058
707,82.35294117647058
708,82.35294117647058
709,82.35294117647058
710,82.35294117647058
711,82.35294117647058
712,82.35294117647058
713,88.23529411764706
714,82.35294117647058
715,82.35294117647058
716,82.35294117647058
717,82.35294117647058
718,82.35294117647058
719,82.35294117647058
720,82.35294117647058
721,82.35294117647058
722,82.35294117647058
723,82.35294117647058
724,88.23529411764706
725,82.35294117647058
726,82.35294117647058
727,82.35294117647058
728,76.47058823529412
729,76.47058823529412
730,76.47058823529412
731,76.47058823529412
732,76.47058823529412
733,76.47058823529412
734,76.47058823529412
735,88.23529411764706
736,76.47058823529412
737,76.47058823529412
738,76.47058823529412
739,76.47058823529412
740,76.47058823529412
741,76.47058823529412
742,76.47058823529412
743,76.47058823529412
744,76.47058823529412
745,76.47058823529412
746,88.23529411764706
747,76.47058823529412
748,76.47058823529412
749,76.47058823529412
750,76.47058823529412
751,76.47058823529412
752,76.47058823529412
753,70.58823529411765
754,70.58823529411765
755,70.58823529411765
756,70.58823529411765
757,88.23529411764706
758,70.58823529411765
759,70.58823529411765
760,70.58823529411765
761,76.47058823529412
762,76.47058823529412
763,76.47058823529412
764,76.47058823529412
765,76.47058823529412
766,76.47058823529412
767,76.47058823529412
768,88.23529411764706
769,76.47058823529412
770,76.47058823529412
771,76.47058823529412
772,82.35294117647058
773,82.35294117647058
774,82.35294117647058
775,82.35294117647058
776,82.35294117647058
777,82.35294117647058
778,82.35294117647058
779,88.23529411764706
780,88.23529411764706
781,82.35294117647058
782,82.35294117647058
783,82.35294117647058
784,82.35294117647058
785,82.35294117647058
786,82.35294117647058
787,82.35294117647058
788,82.35294117647058
789,82.35294117647058
790,82.35294117647058
791,88.23529411764706
792,82.35294117647058
793,82.35294117647058
794,82.35294117647058
795,82.35294117647058
796,82.35294117647058
797,82.35294117647058
798,82.35294117647058
799,82.35294117647058
800,82.35294117647058
801,82.35294117647058
802,88.23529411764706
803,82.35294117647058
804,82.35294117647058
805,82.35294117647058
806,82.35294117647058
807,82.35294117647058
808,82.35294117647058
809,82.35294117647058
810,82.35294117647058
811,82.35294117647058
812,82.35294117647058
813,82.35294117647058
814,82.35294117647058
815,82.35294117647058
816,82.35294117647058
817,82.35294117647058
818,82.35294117647058
819,82.35294117647058
820,82.35294117647058
821,82.35294117647058
822,82.35294117647058
823,82.35294117647058
824,82.35294117647058
825,82.35294117647058
826,82.35294117647058
827,82.35294117647058
828,82.35294117647058
829,82.35294117647058
830,82.35294117647058
831,82.35294117647058
832,82.35294117647058
833,82.35294117647058
834,82.35294117647058
835,76.47058823529412
836,82.35294117647058
837,82.35294117647058
838,82.35294117647058
839,82.35294117647058
840,82.35294117647058
841,82.35294117647058
842,82.35294117647058
843,82.35294117647058
844,82.35294117647058
845,82.35294117647058
846,76.47058823529412
847,82.35294117647058
848,82.35294117647058
849,82.35294117647058
850,82.35294117647058
851,82.35294117647058
852,82.35294117647058
853,82.35294117647058
854,82.35294117647058
855,82.35294117647058
856,82.35294117647058
857,64.70588235294117
858,82.35294117647058
859,82.35294117647058
860,82.35294117647058
861,82.35294117647058
862,82.35294117647058
863,82.35294117647058
864,82.35294117647058
865,82.35294117647058
866,82.35294117647058
867,82.35294117647058
868,52.94117647058824
869,82.35294117647058
870,82.35294117647058
871,82.35294117647058
872,82.35294117647058
873,82.35294117647058
874,82.35294117647058
875,82.35294117647058
876,82.35294117647058
877,82.35294117647058
878,82.35294117647058
879,47.05882352941176
880,82.35294117647058
881,82.35294117647058
882,82.35294117647058
883,82.35294117647058
884,82.35294117647058
885,82.35294117647058
886,82.35294117647058
887,82.35294117647058
888,82.35294117647058
889,82.35294117647058
890,88.23529411764706
891,41.17647058823529
892,82.35294117647058
893,82.35294117647058
894,82.35294117647058
895,82.35294117647058
896,82.35294117647058
897,82.35294117647058
898,82.35294117647058
899,82.35294117647058
900,82.35294117647058
901,82.35294117647058
902,41.17647058823529
903,82.35294117647058
904,82.35294117647058
905,82.35294117647058
906,82.35294117647058
907,82.35294117647058
908,82.35294117647058
909,82.35294117647058
910,82.35294117647058
911,82.35294117647058
912,82.35294117647058
913,41.17647058823529
914,82.35294117647058
915,82.35294117647058
916,82.35294117647058
917,82.35294117647058
918,82.35294117647058
919,82.35294117647058
920,82.35294117647058
921,82.35294117647058
922,82.35294117647058
923,82.35294117647058
924,41.17647058823529
925,76.47058823529412
926,76.47058823529412
927,76.47058823529412
928,76.47058823529412
929,76.47058823529412
930,76.47058823529412
931,76.47058823529412
932,76.47058823529412
933,76.47058823529412
934,76.47058823529412
935,41.17647058823529
936,76.47058823529412
937,76.47058823529412
938,76.47058823529412
939,76.47058823529412
940,76.47058823529412
941,76.47058823529412
942,76.47058823529412
943,70.58823529411765
944,70.58823529411765
945,70.58823529411765
946,41.17647058823529
947,70.58823529411765
948,70.58823529411765
949,70.58823529411765
950,70.58823529411765
951,70.58823529411765
952,70.58823529411765
953,70.58823529411765
954,70.58823529411765
955,70.58823529411765
956,70.58823529411765
957,41.17647058823529
958,70.58823529411765
959,70.58823529411765
960,70.58823529411765
961,70.58823529411765
962,70.58823529411765
963,70.58823529411765
964,70.58823529411765
965,70.58823529411765
966,70.58823529411765
967,70.58823529411765
968,41.17647058823529
969,70.58823529411765
970,70.58823529411765
971,70.58823529411765
972,70.58823529411765
973,70.58823529411765
974,70.58823529411765
975,70.58823529411765
976,70.58823529411765
977,70.58823529411765
978,70.58823529411765
979,41.17647058823529
980,70.58823529411765
981,70.58823529411765
982,70.58823529411765
983,70.58823529411765
984,70.58823529411765
985,70.58823529411765
986,70.58823529411765
987,70.58823529411765
988,76.47058823529412
989,76.47058823529412
990,41.17647058823529
991,76.47058823529412
992,76.47058823529412
993,76.47058823529412
994,76.47058823529412
995,76.47058823529412
996,76.47058823529412
997,76.47058823529412
998,76.47058823529412
999,76.47058823529412
1000,76.47058823529412
1001,88.23529411764706
1002,41.17647058823529
1003,76.47058823529412
1004,82.35294117647058
1005,82.35294117647058
1006,82.35294117647058
1007,82.35294117647058
1008,82.35294117647058
1009,82.35294117647058
1010,82.35294117647058
1011,82.35294117647058
1012,76.47058823529412
1013,41.17647058823529
1014,76.47058823529412
1015,76.47058823529412
1016,76.47058823529412
1017,76.47058823529412
1018,76.47058823529412
1019,76.47058823529412
1020,76.47058823529412
1021,76.47058823529412
1022,76.47058823529412
1023,82.35294117647058
1024,41.17647058823529
1025,82.35294117647058
1026,82.35294117647058
1027,82.35294117647058
1028,82.35294117647058
1029,82.35294117647058
1030,82.35294117647058
1031,82.35294117647058
1032,82.35294117647058
1033,82.35294117647058
1034,82.35294117647058
1035,41.17647058823529
1036,82.35294117647058
1037,82.35294117647058
1038,82.35294117647058
1039,82.35294117647058
1040,82.35294117647058
1041,82.35294117647058
1042,82.35294117647058
1043,82.35294117647058
1044,82.35294117647058
1045,82.35294117647058
1046,41.17647058823529
1047,82.35294117647058
1048,82.35294117647058
1049,82.35294117647058
1050,82.35294117647058
1051,82.35294117647058
1052,82.35294117647058
1053,82.35294117647058
1054,82.35294117647058
1055,82.35294117647058
1056,82.35294117647058
1057,41.17647058823529
1058,82.35294117647058
1059,82.35294117647058
1060,82.35294117647058
1061,82.35294117647058
1062,82.35294117647058
1063,82.35294117647058
1064,82.35294117647058
1065,82.35294117647058
1066,82.35294117647058
1067,82.35294117647058
1068,41.17647058823529
1069,82.35294117647058
1070,82.35294117647058
1071,82.35294117647058
1072,82.35294117647058
1073,82.35294117647058
1074,82.35294117647058
1075,82.35294117647058
1076,82.35294117647058
1077,82.35294117647058
1078,82.35294117647058
1079,41.17647058823529
1080,82.35294117647058
1081,82.35294117647058
1082,82.35294117647058
1083,82.35294117647058
1084,82.35294117647058
1085,82.35294117647058
1086,82.35294117647058
1087,82.35294117647058
1088,82.35294117647058
1089,82.35294117647058
1090,41.17647058823529
1091,82.35294117647058
1092,82.35294117647058
1093,82.35294117647058
1094,82.35294117647058
1095,82.35294117647058
1096,82.35294117647058
1097,82.35294117647058
1098,82.35294117647058
1099,88.23529411764706
1100,82.35294117647058
1101,41.17647058823529
1102,76.47058823529412
1103,70.58823529411765
1104,70.58823529411765
1105,76.47058823529412
1106,76.47058823529412
1107,76.47058823529412
1108,76.47058823529412
1109,76.47058823529412
1110,76.47058823529412
1111,76.47058823529412
1112,88.23529411764706
1113,88.23529411764706
1114,41.17647058823529
1115,76.47058823529412
1116,76.47058823529412
1117,88.23529411764706
1118,94.11764705882352
1119,94.11764705882352
1120,94.11764705882352
1121,94.11764705882352
1122,88.23529411764706
1123,88.23529411764706
1124,88.23529411764706
1125,41.17647058823529
1126,88.23529411764706
1127,88.23529411764706
1128,88.23529411764706
1129,88.23529411764706
1130,88.23529411764706
1131,88.23529411764706
1132,88.23529411764706
1133,88.23529411764706
1134,82.35294117647058
1135,64.70588235294117
1136,41.17647058823529
1137,64.70588235294117
1138,64.70588235294117
1139,64.70588235294117
1140,64.70588235294117
1141,70.58823529411765
1142,82.35294117647058
1143,82.35294117647058
1144,82.35294117647058
1145,88.23529411764706
1146,88.23529411764706
1147,41.17647058823529
1148,88.23529411764706
1149,94.11764705882352
1150,94.11764705882352
1151,94.11764705882352
1152,94.11764705882352
1153,94.11764705882352
1154,94.11764705882352
1155,88.23529411764706
1156,88.23529411764706
1157,88.23529411764706
1158,41.17647058823529
1159,88.23529411764706
1160,88.23529411764706
1161,88.23529411764706
1162,88.23529411764706
1163,88.23529411764706
1164,88.23529411764706
1165,88.23529411764706
1166,88.23529411764706
1167,88.23529411764706
1168,88.23529411764706
1169,41.17647058823529
1170,88.23529411764706
1171,88.23529411764706
1172,88.23529411764706
1173,88.23529411764706
1174,88.23529411764706
1175,88.23529411764706
1176,88.23529411764706
1177,88.23529411764706
1178,88.23529411764706
1179,88.23529411764706
1180,41.17647058823529
1181,88.23529411764706
1182,88.23529411764706
1183,88.23529411764706
1184,88.23529411764706
1185,88.23529411764706
1186,88.23529411764706
1187,88.23529411764706
1188,88.23529411764706
1189,88.23529411764706
1190,88.23529411764706
1191,41.17647058823529
1192,88.23529411764706
1193,88.23529411764706
1194,88.23529411764706
1195,82.35294117647058
1196,82.35294117647058
1197,76.47058823529412
1198,70.58823529411765
1199,70.58823529411765
1200,70.58823529411765
1201,76.47058823529412
1202,41.17647058823529
1203,76.47058823529412
1204,76.47058823529412
1205,82.35294117647058
1206,94.11764705882352
1207,94.11764705882352
1208,94.11764705882352
1209,94.11764705882352
1210,94.11764705882352
1211,94.11764705882352
1212,94.11764705882352
1213,41.17647058823529
1214,94.11764705882352
1215,94.11764705882352
1216,94.11764705882352
1217,94.11764705882352
1218,94.11764705882352
1219,94.11764705882352
1220,94.11764705882352
1221,94.11764705882352
1222,94.11764705882352
1223,94.11764705882352
1224,88.23529411764706
1225,41.17647058823529
1226,94.11764705882352
1227,88.23529411764706
1228,94.11764705882352
1229,82.35294117647058
1230,82.35294117647058
1231,82.35294117647058
1232,82.35294117647058
1233,82.35294117647058
1234,82.35294117647058
1235,82.35294117647058
1236,41.17647058823529
1237,82.35294117647058
1238,82.35294117647058
1239,82.35294117647058
1240,82.35294117647058
1241,82.35294117647058
1242,82.35294117647058
1243,82.35294117647058
1244,82.35294117647058
1245,82.35294117647058
1246,82.35294117647058
1247,41.17647058823529
1248,82.35294117647058
1249,82.35294117647058
1250,82.35294117647058
1251,82.35294117647058
1252,82.35294117647058
1253,82.35294117647058
1254,82.35294117647058
1255,82.35294117647058
1256,82.35294117647058
1257,82.35294117647058
1258,41.17647058823529
1259,82.35294117647058
1260,82.35294117647058
1261,82.35294117647058
1262,82.35294117647058
1263,82.35294117647058
1264,82.35294117647058
1265,82.35294117647058
1266,82.35294117647058
1267,82.35294117647058
1268,82.35294117647058
1269,41.17647058823529
1270,82.35294117647058
1271,82.35294117647058
1272,82.35294117647058
1273,82.35294117647058
1274,88.23529411764706
1275,88.23529411764706
1276,88.23529411764706
1277,88.23529411764706
1278,88.23529411764706
1279,88.23529411764706
1280,41.17647058823529
1281,88.23529411764706
1282,88.23529411764706
1283,88.23529411764706
1284,88.23529411764706
1285,88.23529411764706
1286,88.23529411764706
1287,88.23529411764706
1288,88.23529411764706
1289,88.23529411764706
1290,88.23529411764706
1291,41.17647058823529
1292,88.23529411764706
1293,88.23529411764706
1294,88.23529411764706
1295,88.23529411764706
1296,88.23529411764706
1297,88.23529411764706
1298,88.23529411764706
1299,88.23529411764706
1300,88.23529411764706
1301,88.23529411764706
1302,47.05882352941176
1303,82.35294117647058
1304,82.35294117647058
1305,82.35294117647058
1306,82.35294117647058
1307,82.35294117647058
1308,82.35294117647058
1309,82.35294117647058
1310,82.35294117647058
1311,82.35294117647058
1312,82.35294117647058
1313,47.05882352941176
1314,82.35294117647058
1315,82.35294117647058
1316,82.35294117647058
1317,82.35294117647058
1318,82.35294117647058
1319,82.35294117647058
1320,82.35294117647058
1321,82.35294117647058
1322,82.35294117647058
1323,82.35294117647058
1324,47.05882352941176
1325,82.35294117647058
1326,82.35294117647058
1327,82.35294117647058
1328,82.35294117647058
1329,82.35294117647058
1330,82.35294117647058
1331,82.35294117647058
1332,82.35294117647058
1333,82.35294117647058
1334,82.35294117647058
1335,88.23529411764706
1336,47.05882352941176
1337,82.35294117647058
1338,82.35294117647058
1339,76.47058823529412
1340,70.58823529411765
1341,64.70588235294117
1342,64.70588235294117
1343,64.70588235294117
1344,64.70588235294117
1345,64.70588235294117
1346,64.70588235294117
1347,47.05882352941176
1348,64.70588235294117
1349,64.70588235294117
1350,64.70588235294117
1351,64.70588235294117
1352,64.70588235294117
1353,64.70588235294117
1354,64.70588235294117
1355,64.70588235294117
1356,64.70588235294117
1357,64.70588235294117
1358,47.05882352941176
1359,64.70588235294117
1360,64.70588235294117
1361,64.70588235294117
1362,64.70588235294117
1363,64.70588235294117
1364,64.70588235294117
1365,64.70588235294117
1366,64.70588235294117
1367,64.70588235294117
1368,64.70588235294117
1369,47.05882352941176
1370,64.70588235294117
1371,64.70588235294117
1372,64.70588235294117
1373,64.70588235294117
1374,64.70588235294117
1375,64.70588235294117
1376,64.70588235294117
1377,64.70588235294117
1378,64.70588235294117
1379,64.70588235294117
1380,47.05882352941176
1381,64.70588235294117
1382,64.70588235294117
1383,64.70588235294117
1384,64.70588235294117
1385,64.70588235294117
1386,64.70588235294117
1387,64.70588235294117
1388,64.70588235294117
1389,64.70588235294117
1390,64.70588235294117
1391,47.05882352941176
1392,64.70588235294117
1393,64.70588235294117
1394,58.82352941176471
1395,58.82352941176471
1396,58.82352941176471
1397,58.82352941176471
1398,58.82352941176471
1399,52.94117647058824
1400,47.05882352941176
1401,47.05882352941176
1402,47.05882352941176
1403,47.05882352941176
1404,47.05882352941176
1405,47.05882352941176
1406,41.17647058823529
1407,41.17647058823529
1408,41.17647058823529
1409,41.17647058823529
1410,41.17647058823529
1411,41.17647058823529
1412,41.17647058823529
1413,47.05882352941176
1414,41.17647058823529
1415,41.17647058823529
1416,41.17647058823529
1417,41.17647058823529
1418,41.17647058823529
1419,41.17647058823529
1420,41.17647058823529
1421,41.17647058823529
1422,41.17647058823529
1423,41.17647058823529
1424,47.05882352941176
1425,41.17647058823529
1426,41.17647058823529
1427,41.17647058823529
1428,41.17647058823529
1429,41.17647058823529
1430,41.17647058823529
1431,41.17647058823529
1432,41.17647058823529
1433,41.17647058823529
1434,41.17647058823529
1435,47.05882352941176
1436,41.17647058823529
1437,41.17647058823529
1438,41.17647058823529
1439,41.17647058823529
1440,41.17647058823529
1441,41.17647058823529
1442,41.17647058823529
1443,41.17647058823529
1444,41.17647058823529
1445,47.05882352941176
1446,88.23529411764706
1447,47.05882352941176
1448,47.05882352941176
1449,47.05882352941176
1450,47.05882352941176
1451,47.05882352941176
1452,47.05882352941176
1453,47.05882352941176
1454,47.05882352941176
1455,47.05882352941176
1456,47.05882352941176
1457,58.82352941176471
1458,47.05882352941176
1459,58.82352941176471
1460,58.82352941176471
1461,58.82352941176471
1462,58.82352941176471
1463,64.70588235294117
1464,64.70588235294117
1465,76.47058823529412
1466,76.47058823529412
1467,76.47058823529412
1468,76.47058823529412
1469,47.05882352941176
1470,76.47058823529412
1471,76.47058823529412
1472,76.47058823529412
1473,76.47058823529412
1474,70.58823529411765
1475,70.58823529411765
1476,70.58823529411765
1477,64.70588235294117
1478,64.70588235294117
1479,64.70588235294117
1480,47.05882352941176
1481,64.70588235294117
1482,64.70588235294117
1483,64.70588235294117
1484,64.70588235294117
1485,64.70588235294117
1486,64.70588235294117
1487,70.58823529411765
1488,70.58823529411765
1489,76.47058823529412
1490,82.35294117647058
1491,47.05882352941176
1492,82.35294117647058
1493,82.35294117647058
1494,82.35294117647058
1495,82.35294117647058
1496,82.35294117647058
1497,76.47058823529412
1498,70.58823529411765
1499,70.58823529411765
1500,64.70588235294117
1501,64.70588235294117
1502,47.05882352941176
1503,64.70588235294117
1504,58.82352941176471
1505,52.94117647058824
1506,41.17647058823529
1507,41.17647058823529
1508,41.17647058823529
1509,41.17647058823529
1510,41.17647058823529
1511,41.17647058823529
1512,41.17647058823529
1513,47.05882352941176
1514,41.17647058823529
1515,41.17647058823529
1516,41.17647058823529
1517,41.17647058823529
1518,41.17647058823529
1519,41.17647058823529
1520,41.17647058823529
1521,41.17647058823529
1522,58.82352941176471
1523,64.70588235294117
1524,47.05882352941176
1525,64.70588235294117
1526,64.70588235294117
1527,64.70588235294117
1528,64.70588235294117
1529,64.70588235294117
1530,58.82352941176471
1531,58.82352941176471
1532,52.94117647058824
1533,41.17647058823529
1534,41.17647058823529
1535,47.05882352941176
1536,41.17647058823529
1537,41.17647058823529
1538,41.17647058823529
1539,41.17647058823529
1540,41.17647058823529
1541,41.17647058823529
1542,41.17647058823529
1543,41.17647058823529
1544,41.17647058823529
1545,41.17647058823529
1546,47.05882352941176
1547,41.17647058823529
1548,41.17647058823529
1549,41.17647058823529
1550,41.17647058823529
1551,41.17647058823529
1552,41.17647058823529
1553,41.17647058823529
1554,41.17647058823529
1555,41.17647058823529
1556,41.17647058823529
1557,88.23529411764706
1558,47.05882352941176
1559,41.17647058823529
1560,41.17647058823529
1561,41.17647058823529
1562,41.17647058823529
1563,41.17647058823529
1564,41.17647058823529
1565,41.17647058823529
1566,41.17647058823529
1567,41.17647058823529
1568,41.17647058823529
1569,47.05882352941176
1570,41.17647058823529
1571,41.17647058823529
1572,41.17647058823529
1573,41.17647058823529
1574,41.17647058823529
1575,41.17647058823529
1576,41.17647058823529
1577,41.17647058823529
1578,41.17647058823529
1579,41.17647058823529
1580,47.05882352941176
1581,41.17647058823529
1582,41.17647058823529
1583,41.17647058823529
1584,41.17647058823529
1585,41.17647058823529
1586,41.17647058823529
1587,41.17647058823529
1588,41.17647058823529
1589,41.17647058823529
1590,41.17647058823529
1591,47.05882352941176
1592,41.17647058823529
1593,41.17647058823529
1594,41.17647058823529
1595,41.17647058823529
1596,41.17647058823529
1597,41.17647058823529
1598,41.17647058823529
1599,41.17647058823529
1600,41.17647058823529
1601,41.17647058823529
1602,47.05882352941176
1603,41.17647058823529
1604,41.17647058823529
1605,41.17647058823529
1606,41.17647058823529
1607,41.17647058823529
1608,41.17647058823529
1609,41.17647058823529
1610,41.17647058823529
1611,41.17647058823529
1612,41.17647058823529
1613,47.05882352941176
1614,41.17647058823529
1615,41.17647058823529
1616,41.17647058823529
1617,41.17647058823529
1618,41.17647058823529
1619,41.17647058823529
1620,41.17647058823529
1621,41.17647058823529
1622,41.17647058823529
1623,41.17647058823529
1624,47.05882352941176
1625,41.17647058823529
1626,41.17647058823529
1627,41.17647058823529
1628,41.17647058823529
1629,41.17647058823529
1630,41.17647058823529
1631,41.17647058823529
1632,41.17647058823529
1633,41.17647058823529
1634,41.17647058823529
1635,47.05882352941176
1636,41.17647058823529
1637,41.17647058823529
1638,41.17647058823529
1639,41.17647058823529
1640,41.17647058823529
1641,41.17647058823529
1642,41.17647058823529
1643,41.17647058823529
1644,41.17647058823529
1645,41.17647058823529
1646,47.05882352941176
1647,41.17647058823529
1648,41.17647058823529
1649,41.17647058823529
1650,41.17647058823529
1651,41.17647058823529
1652,41.17647058823529
1653,41.17647058823529
1654,41.17647058823529
1655,41.17647058823529
1656,41.17647058823529
1657,47.05882352941176
1658,41.17647058823529
1659,41.17647058823529
1660,41.17647058823529
1661,41.17647058823529
1662,41.17647058823529
1663,41.17647058823529
1664,41.17647058823529
1665,41.17647058823529
1666,41.17647058823529
1667,41.17647058823529
1668,82.35294117647058
1669,47.05882352941176
1670,41.17647058823529
1671,41.17647058823529
1672,41.17647058823529
1673,41.17647058823529
1674,41.17647058823529
1675,41.17647058823529
1676,41.17647058823529
1677,41.17647058823529
1678,41.17647058823529
1679,41.17647058823529
1680,47.05882352941176
1681,41.17647058823529
1682,41.17647058823529
1683,41.17647058823529
1684,41.17647058823529
1685,41.17647058823529
1686,52.94117647058824
1687,64.70588235294117
1688,64.70588235294117
1689,64.70588235294117
1690,70.58823529411765
1691,47.05882352941176
1692,70.58823529411765
1693,70.58823529411765
1694,70.58823529411765
1695,76.47058823529412
1696,76.47058823529412
1697,82.35294117647058
1698,88.23529411764706
1699,88.23529411764706
1700,94.11764705882352
1701,88.23529411764706
1702,47.05882352941176
1703,88.23529411764706
1704,88.23529411764706
1705,88.23529411764706
1706,88.23529411764706
1707,88.23529411764706
1708,88.23529411764706
1709,88.23529411764706
1710,88.23529411764706
1711,88.23529411764706
1712,88.23529411764706
1713,47.05882352941176
1714,88.23529411764706
1715,88.23529411764706
1716,88.23529411764706
1717,88.23529411764706
1718,88.23529411764706
1719,88.23529411764706
1720,88.23529411764706
1721,88.23529411764706
1722,88.23529411764706
1723,88.23529411764706
1724,47.05882352941176
1725,88.23529411764706
1726,88.23529411764706
1727,88.23529411764706
1728,88.23529411764706
1729,88.23529411764706
1730,88.23529411764706
1731,88.23529411764706
1732,88.23529411764706
1733,88.23529411764706
1734,88.23529411764706
1735,47.05882352941176
1736,88.23529411764706
1737,88.23529411764706
1738,88.23529411764706
1739,88.23529411764706
1740,88.23529411764706
1741,88.23529411764706
1742,88.23529411764706
1743,88.23529411764706
1744,88.23529411764706
1745,88.23529411764706
1746,47.05882352941176
1747,88.23529411764706
1748,94.11764705882352
1749,94.11764705882352
1750,88.23529411764706
1751,88.23529411764706
1752,47.05882352941176
1753,47.05882352941176
1754,82.35294117647058
1755,47.05882352941176
1756,47.05882352941176
1757,47.05882352941176
1758,47.05882352941176
1759,47.05882352941176
1760,47.05882352941176
1761,47.05882352941176
1762,47.05882352941176
1763,47.05882352941176
1764,47.05882352941176
1765,82.35294117647058
1766,47.05882352941176
1767,47.05882352941176
1768,47.05882352941176
1769,47.05882352941176
1770,47.05882352941176
1771,47.05882352941176
1772,47.05882352941176
1773,47.05882352941176
1774,47.05882352941176
1775,47.05882352941176
1776,82.35294117647058
1777,47.05882352941176
1778,47.05882352941176
1779,47.05882352941176
1780,47.05882352941176
1781,47.05882352941176
1782,47.05882352941176
1783,47.05882352941176
1784,47.05882352941176
1785,47.05882352941176
1786,47.05882352941176
1787,82.35294117647058
1788,47.05882352941176
1789,47.05882352941176
1790,47.05882352941176
1791,47.05882352941176
1792,47.05882352941176
1793,47.05882352941176
1794,47.05882352941176
1795,47.05882352941176
1796,47.05882352941176
1797,47.05882352941176
1798,88.23529411764706
1799,82.35294117647058
1800,47.05882352941176
1801,47.05882352941176
1802,47.05882352941176
1803,47.05882352941176
1804,41.17647058823529
1805,41.17647058823529
1806,41.17647058823529
1807,41.17647058823529
1808,41.17647058823529
1809,41.17647058823529
1810,82.35294117647058
1811,41.17647058823529
1812,41.17647058823529
1813,41.17647058823529
1814,41.17647058823529
1815,41.17647058823529
1816,41.17647058823529
1817,41.17647058823529
1818,41.17647058823529
1819,41.17647058823529
1820,41.17647058823529
1821,82.35294117647058
1822,41.17647058823529
1823,41.17647058823529
1824,41.17647058823529
1825,41.17647058823529
1826,41.17647058823529
1827,41.17647058823529
1828,41.17647058823529
1829,41.17647058823529
1830,41.17647058823529
1831,41.17647058823529
1832,82.35294117647058
1833,41.17647058823529
1834,41.17647058823529
1835,41.17647058823529
1836,41.17647058823529
1837,41.17647058823529
1838,41.17647058823529
1839,41.17647058823529
1840,41.17647058823529
1841,41.17647058823529
1842,41.17647058823529
1843,82.35294117647058
1844,41.17647058823529
1845,41.17647058823529
1846,41.17647058823529
1847,41.17647058823529
1848,41.17647058823529
1849,41.17647058823529
1850,41.17647058823529
1851,41.17647058823529
1852,41.17647058823529
1853,41.17647058823529
1854,82.35294117647058
1855,41.17647058823529
1856,41.17647058823529
1857,41.17647058823529
1858,41.17647058823529
1859,41.17647058823529
1860,41.17647058823529
1861,41.17647058823529
1862,41.17647058823529
1863,41.17647058823529
1864,41.17647058823529
1865,82.35294117647058
1866,41.17647058823529
1867,41.17647058823529
1868,41.17647058823529
1869,41.17647058823529
1870,41.17647058823529
1871,41.17647058823529
1872,41.17647058823529
1873,41.17647058823529
1874,41.17647058823529
1875,41.17647058823529
1876,82.35294117647058
1877,41.17647058823529
1878,41.17647058823529
1879,41.17647058823529
1880,41.17647058823529
1881,41.17647058823529
1882,41.17647058823529
1883,41.17647058823529
1884,47.05882352941176
1885,47.05882352941176
1886,47.05882352941176
1887,82.35294117647058
1888,47.05882352941176
1889,47.05882352941176
1890,47.05882352941176
1891,47.05882352941176
1892,47.05882352941176
1893,47.05882352941176
1894,47.05882352941176
1895,47.05882352941176
1896,47.05882352941176
1897,47.05882352941176
1898,82.35294117647058
1899,47.05882352941176
1900,47.05882352941176
1901,47.05882352941176
1902,47.05882352941176
1903,52.94117647058824
1904,58.82352941176471
1905,58.82352941176471
1906,64.70588235294117
1907,64.70588235294117
1908,64.70588235294117
1909,88.23529411764706
1910,82.35294117647058
1911,64.70588235294117
1912,64.70588235294117
1913,64.70588235294117
1914,64.70588235294117
1915,64.70588235294117
1916,64.70588235294117
1917,64.70588235294117
1918,70.58823529411765
1919,70.58823529411765
1920,70.58823529411765
1921,82.35294117647058
1922,70.58823529411765
1923,70.58823529411765
1924,70.58823529411765
1925,70.58823529411765
1926,70.58823529411765
1927,70.58823529411765
1928,70.58823529411765
1929,76.47058823529412
1930,76.47058823529412
1931,76.47058823529412
1932,82.35294117647058
1933,76.47058823529412
1934,76.47058823529412
1935,76.47058823529412
1936,76.47058823529412
1937,76.47058823529412
1938,76.47058823529412
1939,76.47058823529412
1940,76.47058823529412
1941,76.47058823529412
1942,70.58823529411765
1943,88.23529411764706
1944,70.58823529411765
1945,70.58823529411765
1946,70.58823529411765
1947,70.58823529411765
1948,70.58823529411765
1949,70.58823529411765
1950,64.70588235294117
1951,64.70588235294117
1952,64.70588235294117
1953,64.70588235294117
1954,88.23529411764706
1955,64.70588235294117
1956,64.70588235294117
1957,64.70588235294117
1958,64.70588235294117
1959,64.70588235294117
1960,64.70588235294117
1961,64.70588235294117
1962,64.70588235294117
1963,64.70588235294117
1964,64.70588235294117
1965,88.23529411764706
1966,64.70588235294117
1967,64.70588235294117
1968,64.70588235294117
1969,64.70588235294117
1970,64.70588235294117
1971,64.70588235294117
1972,64.70588235294117
1973,64.70588235294117
1974,64.70588235294117
1975,64.70588235294117
1976,88.23529411764706
1977,64.70588235294117
1978,64.70588235294117
1979,64.70588235294117
1980,64.70588235294117
1981,64.70588235294117
1982,64.70588235294117
1983,64.70588235294117
1984,64.70588235294117
1985,64.70588235294117
1986,64.70588235294117
1987,88.23529411764706
1988,64.70588235294117
1989,64.70588235294117
1990,64.70588235294117
1991,64.70588235294117
1992,64.70588235294117
1993,70.58823529411765
1994,70.58823529411765
1995,70.58823529411765
1996,70.58823529411765
1997,70.58823529411765
1998,88.23529411764706
1999,70.58823529411765
2000,70.58823529411765
2001,70.58823529411765
2002,70.58823529411765
2003,70.58823529411765
2004,70.58823529411765
2005,70.58823529411765
2006,70.58823529411765
2007,70.58823529411765
2008,70.58823529411765
2009,88.23529411764706
2010,70.58823529411765
2011,70.58823529411765
2012,70.58823529411765
2013,64.70588235294117
2014,64.70588235294117
2015,70.58823529411765
2016,70.58823529411765
2017,70.58823529411765
2018,70.58823529411765
2019,70.58823529411765
2020,88.23529411764706
2021,88.23529411764706
2022,64.70588235294117
2023,64.70588235294117
2024,58.82352941176471
2025,58.82352941176471
2026,58.82352941176471
2027,58.82352941176471
2028,58.82352941176471
2029,58.82352941176471
2030,58.82352941176471
2031,58.82352941176471
2032,88.23529411764706
2033,58.82352941176471
2034,58.82352941176471
2035,58.82352941176471
2036,58.82352941176471
2037,58.82352941176471
2038,58.82352941176471
2039,64.70588235294117
2040,64.70588235294117
2041,64.70588235294117
2042,64.70588235294117
2043,88.23529411764706
2044,64.70588235294117
2045,64.70588235294117
2046,64.70588235294117
2047,64.70588235294117
2048,64.70588235294117
2049,64.70588235294117
2050,58.82352941176471
2051,58.82352941176471
2052,58.82352941176471
2053,58.82352941176471
2054,88.23529411764706
2055,58.82352941176471
2056,58.82352941176471
2057,58.82352941176471
2058,58.82352941176471
2059,58.82352941176471
2060,58.82352941176471
2061,58.82352941176471
2062,58.82352941176471
2063,58.82352941176471
2064,58.82352941176471
2065,88.23529411764706
2066,58.82352941176471
2067,52.94117647058824
2068,52.94117647058824
2069,52.94117647058824
2070,52.94117647058824
2071,52.94117647058824
2072,52.94117647058824
2073,52.94117647058824
2074,47.05882352941176
2075,47.05882352941176
2076,88.23529411764706
2077,47.05882352941176
2078,47.05882352941176
2079,47.05882352941176
2080,47.05882352941176
2081,47.05882352941176
2082,47.05882352941176
2083,47.05882352941176
2084,47.05882352941176
2085,47.05882352941176
2086,47.05882352941176
2087,88.23529411764706
2088,47.05882352941176
2089,41.17647058823529
2090,41.17647058823529
2091,41.17647058823529
2092,41.17647058823529
2093,41.17647058823529
2094,41.17647058823529
2095,41.17647058823529
2096,41.17647058823529
2097,41.17647058823529
2098,88.23529411764706
2099,41.17647058823529
2100,41.17647058823529
2101,41.17647058823529
2102,41.17647058823529
2103,41.17647058823529
2104,41.17647058823529
2105,41.17647058823529
2106,41.17647058823529
2107,41.17647058823529
2108,41.17647058823529
2109,88.23529411764706
2110,41.17647058823529
2111,41.17647058823529
2112,41.17647058823529
2113,41.17647058823529
2114,41.17647058823529
2115,41.17647058823529
2116,41.17647058823529
2117,41.17647058823529
2118,41.17647058823529
2119,41.17647058823529
2120,88.23529411764706
2121,41.17647058823529
2122,41.17647058823529
2123,41.17647058823529
2124,41.17647058823529
2125,41.17647058823529
2126,41.17647058823529
2127,41.17647058823529
2128,41.17647058823529
2129,41.17647058823529
2130,41.17647058823529
2131,88.23529411764706
2132,88.23529411764706
2133,41.17647058823529
2134,41.17647058823529
2135,41.17647058823529
2136,41.17647058823529
2137,41.17647058823529
2138,41.17647058823529
2139,41.17647058823529
2140,41.17647058823529
2141,41.17647058823529
2142,41.17647058823529
2143,88.23529411764706
2144,41.17647058823529
2145,41.17647058823529
2146,41.17647058823529
2147,41.17647058823529
2148,41.17647058823529
2149,41.17647058823529
2150,41.17647058823529
2151,41.17647058823529
2152,41.17647058823529
2153,41.17647058823529
2154,88.23529411764706
2155,41.17647058823529
2156,41.17647058823529
2157,41.17647058823529
2158,41.17647058823529
2159,41.17647058823529
2160,41.17647058823529
2161,41.17647058823529
2162,41.17647058823529
2163,41.17647058823529
2164,41.17647058823529
2165,88.23529411764706
2166,41.17647058823529
2167,41.17647058823529
2168,41.17647058823529
2169,41.17647058823529
2170,41.17647058823529
2171,41.17647058823529
2172,41.17647058823529
2173,41.17647058823529
2174,41.17647058823529
2175,41.17647058823529
2176,88.23529411764706
2177,41.17647058823529
2178,41.17647058823529
2179,41.17647058823529
2180,41.17647058823529
2181,41.17647058823529
2182,41.17647058823529
2183,41.17647058823529
2184,41.17647058823529
2185,41.17647058823529
2186,41.17647058823529
2187,88.23529411764706
2188,41.17647058823529
2189,41.17647058823529
2190,41.17647058823529
2191,41.17647058823529
2192,41.17647058823529
2193,41.17647058823529
2194,41.17647058823529
2195,41.17647058823529
2196,41.17647058823529
2197,41.17647058823529
2198,88.23529411764706
2199,47.05882352941176
2200,47.05882352941176
2201,70.58823529411765
2202,70.58823529411765
2203,76.47058823529412
2204,82.35294117647058
2205,88.23529411764706
2206,88.23529411764706
2207,82.35294117647058
2208,82.35294117647058
2209,88.23529411764706
2210,88.23529411764706
2211,88.23529411764706
2212,88.23529411764706
2213,82.35294117647058
2214,82.35294117647058
2215,82.35294117647058
2216,82.35294117647058
2217,70.58823529411765
2218,70.58823529411765
2219,70.58823529411765
2220,88.23529411764706
2221,70.58823529411765
2222,70.58823529411765
2223,52.94117647058824
2224,41.17647058823529
2225,41.17647058823529
2226,41.17647058823529
2227,41.17647058823529
2228,41.17647058823529
2229,41.17647058823529
2230,41.17647058823529
2231,88.23529411764706
2232,41.17647058823529
2233,41.17647058823529
2234,41.17647058823529
2235,41.17647058823529
2236,41.17647058823529
2237,41.17647058823529
2238,41.17647058823529
2239,41.17647058823529
2240,41.17647058823529
2241,41.17647058823529
2242,88.23529411764706
2243,88.23529411764706
2244,41.17647058823529
2245,41.17647058823529
2246,41.17647058823529
2247,41.17647058823529
2248,41.17647058823529
2249,41.17647058823529
2250,41.17647058823529
2251,41.17647058823529
2252,41.17647058823529
2253,41.17647058823529
2254,88.23529411764706
2255,41.17647058823529
2256,41.17647058823529
2257,41.17647058823529
2258,41.17647058823529
2259,41.17647058823529
2260,41.17647058823529
2261,41.17647058823529
2262,41.17647058823529
2263,41.17647058823529
2264,41.17647058823529
2265,88.23529411764706
2266,41.17647058823529
2267,41.17647058823529
2268,41.17647058823529
2269,41.17647058823529
2270,41.17647058823529
2271,41.17647058823529
2272,41.17647058823529
2273,41.17647058823529
2274,41.17647058823529
2275,41.17647058823529
2276,88.23529411764706
2277,41.17647058823529
2278,41.17647058823529
2279,41.17647058823529
2280,41.17647058823529
2281,41.17647058823529
2282,41.17647058823529
2283,41.17647058823529
2284,41.17647058823529
2285,41.17647058823529
2286,41.17647058823529
2287,88.23529411764706
2288,41.17647058823529
2289,41.17647058823529
2290,41.17647058823529
2291,41.17647058823529
2292,41.17647058823529
2293,41.17647058823529
2294,41.17647058823529
2295,41.17647058823529
2296,41.17647058823529
2297,41.17647058823529
2298,88.23529411764706
2299,41.17647058823529
2300,41.17647058823529
2301,41.17647058823529
2302,41.17647058823529
2303,41.17647058823529
2304,41.17647058823529
2305,41.17647058823529
2306,41.17647058823529
2307,41.17647058823529
2308,41.17647058823529
2309,88.23529411764706
2310,41.17647058823529
2311,41.17647058823529
2312,41.17647058823529
2313,41.17647058823529
2314,41.17647058823529
2315,41.17647058823529
2316,41.17647058823529
2317,41.17647058823529
2318,41.17647058823529
2319,41.17647058823529
2320,88.23529411764706
2321,41.17647058823529
2322,41.17647058823529
2323,41.17647058823529
2324,41.17647058823529
2325,41.17647058823529
2326,41.17647058823529
2327,41.17647058823529
2328,41.17647058823529
2329,41.17647058823529
2330,41.17647058823529
2331,88.23529411764706
2332,41.17647058823529
2333,47.05882352941176
2334,47.05882352941176
2335,47.05882352941176
2336,47.05882352941176
2337,47.05882352941176
2338,47.05882352941176
2339,47.05882352941176
2340,47.05882352941176
2341,47.05882352941176
2342,88.23529411764706
2343,47.05882352941176
2344,47.05882352941176
2345,47.05882352941176
2346,47.05882352941176
2347,47.05882352941176
2348,47.05882352941176
2349,47.05882352941176
2350,47.05882352941176
2351,47.05882352941176
2352,47.05882352941176
2353,88.23529411764706
2354,88.23529411764706
2355,47.05882352941176
2356,47.05882352941176
2357,47.05882352941176
2358,47.05882352941176
2359,47.05882352941176
2360,47.05882352941176
2361,47.05882352941176
2362,47.05882352941176
2363,41.17647058823529
2364,41.17647058823529
2365,88.23529411764706
2366,35.294117647058826
2367,35.294117647058826
2368,35.294117647058826
2369,35.294117647058826
2370,35.294117647058826
2371,52.94117647058824
2372,58.82352941176471
2373,70.58823529411765
2374,76.47058823529412
2375,82.35294117647058
2376,88.23529411764706
2377,94.11764705882352
2378,94.11764705882352
2379,94.11764705882352
2380,94.11764705882352
2381,94.11764705882352
2382,94.11764705882352
2383,94.11764705882352
2384,94.11764705882352
2385,94.11764705882352
2386,94.11764705882352
2387,88.23529411764706
2388,94.11764705882352
2389,94.11764705882352
2390,94.11764705882352
2391,94.11764705882352
2392,94.11764705882352
2393,94.11764705882352
2394,94.11764705882352
2395,100.0
2396,100.0
2397,100.0
2398,88.23529411764706
2399,100.0
2400,100.0
2401,100.0
2402,100.0
2403,100.0
2404,100.0
2405,100.0
2406,100.0
2407,100.0
2408,94.11764705882352
2409,88.23529411764706
2410,94.11764705882352
2411,82.35294117647058
2412,82.35294117647058
2413,82.35294117647058
2414,82.35294117647058
2415,82.35294117647058
2416,82.35294117647058
2417,82.35294117647058
2418,82.35294117647058
2419,82.35294117647058
2420,88.23529411764706
2421,82.35294117647058
2422,82.35294117647058
2423,82.35294117647058
2424,82.35294117647058
2425,82.35294117647058
2426,82.35294117647058
2427,82.35294117647058
2428,82.35294117647058
2429,82.35294117647058
2430,82.35294117647058
2431,88.23529411764706
2432,82.35294117647058
2433,82.35294117647058
2434,82.35294117647058
2435,82.35294117647058
2436,82.35294117647058
2437,82.35294117647058
2438,82.35294117647058
2439,82.35294117647058
2440,82.35294117647058
2441,82.35294117647058
2442,88.23529411764706
2443,82.35294117647058
2444,82.35294117647058
2445,82.35294117647058
2446,82.35294117647058
2447,82.35294117647058
2448,82.35294117647058
2449,82.35294117647058
2450,82.35294117647058
2451,82.35294117647058
2452,82.35294117647058
2453,88.23529411764706
2454,82.35294117647058
2455,82.35294117647058
2456,82.35294117647058
2457,82.35294117647058
2458,82.35294117647058
2459,82.35294117647058
2460,82.35294117647058
2461,82.35294117647058
2462,82.35294117647058
2463,82.35294117647058
2464,88.23529411764706
2465,88.23529411764706
2466,82.35294117647058
2467,82.35294117647058
2468,82.35294117647058
2469,82.35294117647058
2470,82.35294117647058
2471,82.35294117647058
2472,82.35294117647058
2473,82.35294117647058
2474,82.35294117647058
2475,82.35294117647058
2476,88.23529411764706
2477,82.35294117647058
2478,82.35294117647058
2479,82.35294117647058
2480,82.35294117647058
2481,82.35294117647058
2482,82.35294117647058
2483,82.35294117647058
2484,82.35294117647058
2485,82.35294117647058
2486,82.35294117647058
2487,88.23529411764706
2488,82.35294117647058
2489,82.35294117647058
2490,82.35294117647058
2491,82.35294117647058
2492,82.35294117647058
2493,82.35294117647058
2494,82.35294117647058
2495,82.35294117647058
2496,82.35294117647058
2497,82.35294117647058
2498,88.23529411764706
2499,82.35294117647058
2500,82.35294117647058
2501,82.35294117647058
2502,82.35294117647058
2503,82.35294117647058
2504,82.35294117647058
2505,82.35294117647058
2506,82.35294117647058
2507,82.35294117647058
2508,82.35294117647058
2509,88.23529411764706
2510,82.35294117647058
2511,82.35294117647058
2512,82.35294117647058
2513,82.35294117647058
2514,82.35294117647058
2515,82.35294117647058
2516,82.35294117647058
2517,82.35294117647058
2518,82.35294117647058
2519,82.35294117647058
2520,88.23529411764706
2521,82.35294117647058
2522,82.35294117647058
2523,82.35294117647058
2524,82.35294117647058
2525,82.35294117647058
2526,82.35294117647058
2527,82.35294117647058
2528,82.35294117647058
2529,82.35294117647058
2530,82.35294117647058
2531,88.23529411764706
2532,82.35294117647058
2533,82.35294117647058
2534,82.35294117647058
2535,82.35294117647058
2536,82.35294117647058
2537,82.35294117647058
2538,82.35294117647058
2539,82.35294117647058
2540,82.35294117647058
2541,82.35294117647058
2542,88.23529411764706
2543,82.35294117647058
2544,82.35294117647058
2545,82.35294117647058
2546,82.35294117647058
2547,76.47058823529412
2548,76.47058823529412
2549,76.47058823529412
2550,76.47058823529412
2551,82.35294117647058
2552,76.47058823529412
2553,88.23529411764706
2554,76.47058823529412
2555,76.47058823529412
2556,76.47058823529412
2557,76.47058823529412
2558,76.47058823529412
2559,76.47058823529412
2560,76.47058823529412
2561,76.47058823529412
2562,76.47058823529412
2563,76.47058823529412
2564,88.23529411764706
2565,76.47058823529412
2566,76.47058823529412
2567,76.47058823529412
2568,76.47058823529412
2569,76.47058823529412
2570,76.47058823529412
2571,76.47058823529412
2572,76.47058823529412
2573,76.47058823529412
2574,76.47058823529412
